Lake,LAKE.ID,Viral Load,Date,Continuous.urban.fabric,Discontinuous.urban.fabric,Industrial.or.commercial.units,Road.and.rail.networks.and.associated.land,Port.areas,Airports,Mineral.extraction.sites,Dump.sites,Construction.sites,Green.urban.areas,Sport.and.leisure.facilities,Non.irrigated.arable.land,Permanently.irrigated.land,Vineyards,Fruit.trees.and.berry.plantations,Olive.groves,Pastures,Annual.crops.associated.with.permanent.crops,Complex.cultivation.patterns,Land.principally.occupied.by.agriculture.with.significant.areas.of.natural.vegetation,Agro.forestry.areas,Broad.leaved.forest,Coniferous.forest,Mixed.forest,Natural.grasslands,Moors.and.heathland,Sclerophyllous.vegetation,Transitional.woodland.shrub,Beaches.dunes.sands,Bare.rocks,Sparsely.vegetated.areas,Burnt.areas,Glaciers.and.perpetual.snow,Inland.marshes,Peat.bogs,Salt.marshes,Salines,Intertidal.flats,Water.courses,Water.bodies,Coastal.lagoons,Estuaries,Sea.and.ocean,NDVI,SSM,Nitro,OCD,ocs,sand,silt,soc,catchment_area,lake_area,lake_peri,mean_pop_density,n_lakes,Lake_area,Shore_len,Shore_dev,Vol_total,Vol_res,Vol_src,Depth_avg,Dis_avg,Res_time,Elevation,Slope_100,Wshd_area,Pour_long,Pour_lat,Diversity,DOC,DN,Funct_Diversity,Latitude,Longitude,si10.1,t2m.1,cdir.1,uvb.1,e.1,cvh.1,lmld.1,lmlt.1,lai_hv.1,lai_lv.1,cvl.1,mror.1,ro.1,sro.1,tp.1,tvh.1,tvl.1,BPP,Water_Temp,pH,Secchi,BBE_cDOM,abs400,abs254,Resp,BPP_Carbon,Chla,NPP
Austria_01,AUS_1,2.92698063,26-Apr,0.000717961,0.039647401,0.003829125,0.000757848,0,0,0.001794902,0,0.002592637,0,0,0.289338279,0,0,0,0,0.082286307,0,0.072234853,0.034103147,0,0.003310598,0.303817159,0.133660404,0,0,0,0,0,0,0,0,0,0.006302102,0,0,0,0,0.023573053,0.002034223,0,0,0,0.63327037,31.24722222,812.8006981,569.7110716,68.63819635,387.1938815,415.1651182,691.1489008,11998146.18,1147319.079,4482.949014,106.6823751,2,0.98,4.48,1.27,7.28,0,3,7.4,0.071,1187.4,444,7.1,4.4,14.577083,46.605361,7.151805709,3.356666667,0.2476,5.803956791,46.604,14.58668333,1.453496639,282.4827997,13769374.71,1344440.847,-0.00160704,0.965330444,16.78295668,282.0306177,2.258732242,2.984513577,0.033448797,8.01E-06,0.000692101,0.000413294,0.002722516,19,1.000030519,118242.5,16.6,8.44,NA,0.05,1.918820911,3.16663841,0,16.14802014,8.733333333,348.9449902
Austria_02,AUS_2,6865.702861,27-Apr,0.001189369,0.067794033,0.004972099,0.003219345,0.000384533,0,0.000822721,0.000259336,0,0,0.000858492,0.047735728,0,0,0,0,0.030422807,0,0.09473816,0.014880527,0,0.029492774,0.192355845,0.391025182,0.007887394,0.018985191,0,0.010981542,0.000393475,0.01114251,0.026505938,0,0,0.006501288,0,0,0,0,0.01458542,0.02286629,0,0,0,0.663496032,56.29889334,835.998135,623.3934683,85.35671594,359.5718929,415.6307125,1004.411524,140642202.5,19712456.03,43016.93777,175.5253302,3,3.34,21.2,3.27,50,50,2,15,154.425,3.7,455,6.83,7403.5,14.167524,46.532511,7.273622003,1.974666667,0.1585,5.585151615,46.6296,14.1255,1.514824886,282.2364581,13786711.57,1349687.628,-0.001707446,0.81617404,23.45207334,282.1824193,2.153375653,2.921948744,0.18382596,2.48E-05,0.002146251,0.00116742,0.004373733,19,1.000030519,1780,14.3,8.36,NA,0.013333333,3.308551329,3.16663841,0,0.243089209,3.213333333,363.569436
Austria_03,AUS_3,4759.310214,28-Apr,0.006291537,0.181169694,0.020292424,0.005981391,0,0.009171467,0,0.001284891,0,0,0.015817457,0.063269827,0,0,0,0,0.019494905,0,0.131413381,0.031590607,0,0.002968542,0.21590607,0.189543642,0,0,0,0,0,0,0,0,0,0.005715552,0,0,0,0,0,0.100088613,0,0,0,0.667579545,36.78564815,799.6092441,584.1681288,69.7601481,394.02812,402.5153395,709.811527,29556870.54,1408200.321,5910.980124,100.4200015,3,18.56,44.78,2.93,457.55,0,3,24.7,3.515,1506.6,437,6.87,170.6,14.250904,46.616273,7.352389813,2.482333333,0.4135,5.740500803,46.58293333,14.15143333,1.516639645,282.0005427,13819078.25,1352432.733,-0.001698187,0.786283247,25.08475374,282.022282,2.15365541,2.910772486,0.213716753,2.72E-05,0.002347309,0.001258206,0.004554651,19,1.000030519,5582.5,11.1,8.06,NA,0.443333333,7.384631023,6.250899743,7.721709598,0.762385119,1.143333333,379.933098
Croatia_01,CRO_1,30.62350298,20-Apr,0,0.012127371,0,0,0,0,0,0,0,0,0.002777778,0.007960705,0,0,0,0,0.070663957,0,0.030792683,0.061517615,0,0.326388889,0.081199187,0.336144986,0,0,0,0.061551491,0,0,0,0,0,0,0,0,0,0,0,0.008875339,0,0,0,0.592347695,48.36269841,815.3981769,593.268462,85.70623854,307.7307489,388.1636376,829.1744649,465309862.2,30309357.03,35793.7058,57.47954495,1,0.42,4.51,1.97,3.27,0,3,7.8,1.042,36.3,640,10.31,39.3,15.59769,44.868113,5.981438452,10.04333333,0.4324,4.733075808,43.882772,15.592607,2.252434733,284.3143813,14114381.77,1493611.128,-0.001800237,0.984893107,7.584219655,283.5414422,2.613561107,1.976201269,0.013672501,1.30E-05,0.001124999,0.00049598,0.003928099,5.000137335,6.999954222,21894,16.27,8.47,NA,0.236666667,7.084090689,6.729848538,0,2.989997275,27.2,436.4316836
Croatia_02,CRO_2,109.954212,21-Apr,0,0.011507652,0,0.003792294,0.001094721,0.000235384,0.000429669,0,0,0,0.000668789,0.013839072,0,0.00703536,0.000115824,0.011156444,0.005626793,0,0.03358142,0.070465686,0,0.15708692,0.020362566,0.013211382,0.023661675,0.000534284,0.084895086,0.0961412,0,0,0.021322782,0.000963953,0,0.000362416,0,0.000721096,0,0,7.47E-06,0.000773404,0,0,0.420406654,0.727195448,63.20782609,404.7094536,503.0432375,77.96564277,329.1682477,334.9917912,616.8112647,20214258.32,1427488.473,10070.03681,66.63591698,2,0.38,3.01,1.37,2.46,0,3,6.4,0.209,136.3,2,7.06,7.2,17.412948,43.076651,7.566683575,2.038,0.1495,6.007336928,43.07646667,17.4094,3.130252997,288.8149921,14499117.74,1672823.25,-0.002168326,0.156933657,5.79387908,289.0139314,0.975251654,1.363246207,0.046673686,1.49E-05,0.001285984,0.000959527,0.00464268,19,10.99998983,3849.5,17.9,8.88,4.5,0.083333333,4.366732314,3.093830679,0,0.525714557,3.966666667,232.9999647
Croatia_04,CRO_4,6.133672032,23-Apr,0,0.012127371,0,0,0,0,0,0,0,0,0.002777778,0.007960705,0,0,0,0,0.070663957,0,0.030792683,0.061517615,0,0.326388889,0.081199187,0.336144986,0,0,0,0.061551491,0,0,0,0,0,0,0,0,0,0,0,0.008875339,0,0,0,0.592347695,48.36269841,815.3981769,593.268462,85.70623854,307.7307489,388.1636376,829.1744649,141625008.9,828465.9014,7571.059593,7.353222273,3,0.55,6.49,2.48,4.27,0,3,7.8,1.56,31.7,539,9.58,59,15.606108,44.892519,NA,NA,NA,NA,44.887907,15.606738,2.252434733,284.3143813,14114381.77,1493611.128,-0.001800237,0.984893107,7.584219655,283.5414422,2.613561107,1.976201269,0.013672501,1.30E-05,0.001124999,0.00049598,0.003928099,5.000137335,6.999954222,475.1666667,12.2,8.3,11,0.003333333,2.624246813,1.333333333,0,0.064892073,1.173333333,436.4316836
Denmark_01,DEN_1,5.840035827,16-Jun,0.00042769,0,0.03616016,0.000380978,0.003156759,0.000332175,0,0,0,0,0,0,0.001659844,0,0.000448673,0,0,0,0,0.003696462,0,0.476629804,0,0,0,0,0,0,0,0,0,0,0,0.013319484,0.000338472,0,0,0.035579723,0,0.140190627,6.45E-05,0,0,0.649402364,45.63468992,580.7118336,474.2016965,58.58948979,690.970254,206.6288021,827.1203107,971119754.5,11107863.51,64703.66281,84.32773831,21,5.1,18.44,2.3,55.76,0,3,10.9,15.838,40.7,20,4.68,915.6,9.643737,56.126914,8.076301,3.638333,0.5884,5.993954,56.11676667,9.696116667,3.365777895,273.1385171,9069556.792,724360.0358,-0.000764717,0.209131277,16.56194843,276.054382,4.840530725,1.71185291,0.344360856,3.60E-06,0.000311394,8.03E-06,0.001509093,5.000137335,2.000061038,20794.66667,18.5,8.21,NA,0.966666667,13.11008466,11.20879733,0,2.839864651,5.24,207.5214029
France_02,FRA_2,9.07889572,11-May,0.00077757,0.077757043,0.014129565,0.006731538,0,0.001266329,0.002554874,0,0,0,0.001155247,0.067715276,0,0.048742558,0,0,0.098395983,0,0.13094286,0.048964721,0,0.297742824,0.090309251,0.065449214,0.018328446,0.002421576,0,0.006753755,0,0.003910068,0.00582067,0,0,0,0,0,0,0,0.008108949,0.002021683,0,0,0,0.658562745,41.51905488,686.2119446,547.5159682,78.05279653,323.2947459,408.4677491,917.4165478,249714235.8,26968094.4,36637.70984,251.0430205,1,0.12,1.75,1.42,0.36,0,3,3,75.503,0.1,284,2.14,4816.3,6.1657,45.557345,6.405204726,1.102333333,0.2022,5.187731693,45.86936667,6.161516667,1.187915903,283.2077184,15161582.87,1631135.903,-0.001743721,0.841087696,26.44958774,282.7733945,2.815894282,2.81546191,0.136053591,2.54E-05,0.002195519,0.001224128,0.004876623,18.00003052,1.000030519,973.3333333,12.6,8.47,NA,0.066666667,1.742485501,2.04210241,0,0.132925186,1.083333333,387.7006213
France_04,FRA_4,137.3178083,31-May,0,0.003010033,0,0,0,0,0,0,0,0,0,0,0,0,0,0,0.05367893,0,0.000167224,0,0,0.074693423,0.224860647,0.014938685,0.339074693,0.0090301,0,0.009253066,0,0.134782609,0.114548495,0,0,0,0,0,0,0,0,0.021962096,0,0,0,0.517025641,60.9159919,827.3217806,589.6645957,91.74430897,379.6697842,438.9718083,956.0225912,7426486385,580246721.3,177194.7202,186.1066257,>1,1.96,9.33,1.88,187,187,2,95.4,0.801,2702.1,375,17.43,40.6,6.622928,45.684158,7.292739002,1.225,0.4322,5.826615955,46.42688333,6.609866667,1.258638491,277.3788622,15602061.45,1757845.442,-0.001267333,0.547724047,29.27392815,278.6063688,3.954847176,1.641224511,0.449468207,2.82E-05,0.002432716,0.001471538,0.004761212,2.999908443,1.000030519,2526.5,17.7,8.84,6.5,0,1.711476402,1.448299987,1.41886755,0.345036454,0.326666667,370.6783334
France_05,FRA_5,29.62853994,02-Jun,0,0.024411839,0.008601062,0,0,0,0.011510245,0,0,0,0.000632431,0.15798128,0,0,0,0,0.245889198,0,0.021123198,0.005944852,0,0.399569947,0.003162155,0.016569694,0,0.016190235,0,0.007209714,0,0,0,0,0,0,0,0,0,0,0,0.081204149,0,0,0,0.691366667,37.30952381,587.2818429,475.7267258,63.50427193,178.448357,549.2828286,625.9915585,12295962.74,777026.5492,4956.568238,59.07787301,1,0.19,1.76,1.13,0.59,0,3,3.1,0.024,285.7,319,1.88,1.7,6.952141,48.62274,8.000345481,1.692333333,0.1741,6.575065272,48.06878333,6.9533,3.472149515,284.4981664,13461552,1352447.947,-0.001839443,0.131536783,5.477265907,283.6551614,4.661826866,2.067799384,0.86094029,1.95E-06,0.0001685,3.84E-05,0.002410422,5.000137335,1.000030519,9236.166667,19.2,8.05,4.5,0.21,6.638392344,7.105004468,0,1.261355311,1.956666667,351.5166556
France_06,FRA_6,140.7409839,01-Jun,0,0.038674812,0.001315789,0,0,0,0,0,0,0,0.001597744,0.013862782,0,0,0,0,0.172133459,0,0.122321429,0.024765038,0,0.016494361,0.421804511,0.053242481,0.034163534,0,0,0.012922932,0,0,0,0,0,0.049154135,0.006954887,0,0,0,0,0.030592105,0,0,0,0.6978,29.53125,767.818613,684.2094885,92.91053739,243.8432773,444.8821621,1065.248947,245824028.6,4080220.966,14244.24799,43.33751286,>1,3.98,14.25,2.01,47.42,0,3,11.9,10.702,51.3,848,5.65,274.1,6.335463,46.838062,8.124927229,2.3765,0.7161,6.437212619,46.80805,6.303833333,2.485925285,282.7807264,14362967.35,1456640.233,-0.001970178,0.906856088,12.60668925,282.7143661,2.451329864,2.988711963,0.066729739,2.62E-05,0.002261002,0.000645877,0.004871991,19,1.000030519,6767.333333,17.9,8.47,9.5,0.396666667,7.291519461,7.469168901,6.61213204,0.924194219,0.683333333,382.6775491
France_07,FRA_7,1.9486911,02-Jun,0,0.083831093,0.005143521,0,0,0,0,0.004023561,0,0,0.00223992,0.178737349,0,0,0.013771362,0,0.31234445,0,0.18981251,0,0,0.18711631,0.003276921,0.00294508,0,0,0,0.00120292,0,0,0,0,0,0.00261324,0,0,0,0,0,0.012941762,0,0,0,0.712912281,49.57068713,510.9502679,450.3038616,56.76005296,140.2815721,542.4804254,557.9306268,43916558.52,5556533.584,28922.62974,17.62223098,>1,0.36,3.88,1.83,1.54,0,3,4.3,0.039,457.1,227,3.11,3.5,6.926385,49.030064,7.280580803,10.078,0.4112,5.358859355,48.69223333,6.9205,3.539555563,284.5160202,13363875.21,1333986.408,-0.001738331,0.116246776,3.199914547,283.906626,2.750240337,2.323095668,0.806692811,1.34E-06,0.000116593,3.43E-05,0.002273114,19,1.000030519,22782.5,24.6,8.04,4.25,0.56,10.24723167,10.4383378,2.670168968,3.11133703,3.6,376.856576
Germany_04,GER_4,36.99947454,05-Jun,0.001955451,0.06658817,0.013935568,0.000704976,8.20E-05,0.000797383,0.000760122,0.000429245,0,0.001994202,0.007812861,0.311502433,0,0,5.22E-05,0,0.133791891,0,0.000119235,0.00061704,0,0.081866621,0.293529276,0.031366207,0.002632108,0.003307276,0,0.004891608,0,0,0,0,0,0.002693216,0,0,0,0,0.000491844,0.038079127,0,0,0,0.66088236,38.17134087,670.5270566,386.534778,49.62815038,733.6121962,161.1604074,630.580552,21564882.39,4241384.797,14903.98814,20.78389067,>1,0.15,2.04,1.48,0.62,0,3,4.1,0.001,7158.2,64,3.8,0.3,13.034379,53.177059,7.717875493,7.883,0.2847,5.837445378,53.155922,13.032579,3.722947161,283.8389274,11823192.55,1202591.209,-0.001562665,0.678864084,6.156297209,283.1269109,2.054434407,2.758408384,0.293151288,9.89E-07,8.63E-05,1.78E-05,0.001737792,19,1.000030519,25798,23.1,8.63,NA,0.043333333,2.541022965,4.448299987,0,3.523154732,3.813333333,229.8081772
Germany_05,GER_5,8.382644672,06-Jun,0,0.043491884,0.014476405,0,0,0,0,0,0,0.003321426,0.006454847,0.250673686,0,0,0,0,0.100958827,0,0,0.005702826,0,0.095882685,0.36441687,0.023688663,0.005326816,0.004386789,0,0.002820079,0,0,0,0,0,0.000877358,0,0,0,0,0,0.077520837,0,0,0,0.637422969,36.89602273,708.3097138,384.5159558,47.27290191,742.0652082,157.7735192,584.6149703,5972223.243,1299337.312,8345.363722,20.4312583,1,1.64,9.93,2.19,6.81,0,3,4.2,1.485,53.1,47,2.23,238.3,13.41587,53.085417,7.596245719,6.387666667,0.3387,5.417667003,53.347494,13.439851,3.671974903,283.9174409,11833311.37,1205916.271,-0.001550931,0.719728992,5.073906785,283.1830098,2.083492286,2.818333029,0.267300444,1.12E-06,9.77E-05,1.58E-05,0.001722781,19,1.000030519,10787,22.8,8.3,1.5,0.073333333,6.523991097,7.438337802,0,1.473147922,2.706666667,245.9060961
Germany_07,GER_7,17.48867412,07-Jun,0.00070507,0.023656779,0.00583688,6.76E-05,0,0.000454918,0.001246538,2.96E-05,0.000197377,0.00030926,0.003476796,0.449284586,0,0,0.00068396,0,0.161945444,0,6.12E-05,0.000177323,0,0.064324948,0.204547278,0.014548924,0.001327811,0.007656551,0,0.003555958,0,0,0.000212154,0,0,0.003339582,9.60E-05,0,0,0,0.000939389,0.0513181,0,0,0,0.683086673,31.28825486,588.0109613,384.1047455,50.74107757,739.0395313,170.8783585,731.4986525,810161751,109151515.6,92668.37657,50.06002798,>1,0.34,2.75,1.33,1.23,0,3,3.6,0.008,1776.9,62,2.19,1.4,12.665753,53.25893,7.855771981,9.709666667,0.599,5.683353497,53.51085,12.66841667,3.883644599,283.5791425,11809403.91,1183004.169,-0.001668452,0.45699283,4.551989922,283.0822446,2.115513897,2.575815165,0.499646489,1.51E-06,0.000130219,3.92E-05,0.001979574,19,1.000030519,10637.16667,22.7,8.34,7,0.506666667,6.461888635,7.927192269,6.195733017,1.452685638,2.193333333,244.9822515
Germany_10,GER_10,7.204704353,11-Jun,5.07E-05,0.023646421,0.006424654,0.000105055,0,0.000117734,0.000650254,0.0002246,0,9.60E-05,0.001628352,0.498425987,0,0,0,0,0.152994428,0,0.000373126,0.00098172,0,0.071982568,0.162567108,0.021257327,0.007837462,0.005131391,0,0.003579114,0,0,6.52E-05,0,0,0.005868587,0.001391073,0,0,0,0.000972664,0.020536432,0.013092021,0,0,0.677317236,32.53881313,676.8532296,375.3961187,44.30735384,659.1189298,220.6241354,519.9301089,271318724.5,6656838.659,24054.11748,15.64949699,>1,10.04,16.64,1.48,35.25,0,3,3.5,3.161,129.1,14,1.44,422.7,13.853125,53.309318,8.11687474,9.38,0.6627,6.006818302,53.17703333,13.86323333,4.019661486,283.753889,11701314.25,1205822.449,-0.001554994,0.325545908,8.362262779,283.2032832,2.139345826,2.403437462,0.514600786,8.83E-07,7.72E-05,1.44E-05,0.001764987,19,1.000030519,27421.16667,25.9,8.51,5,1.013333333,20.0489333,20.750928,0,3.744825688,2.87,233.4291586
Germany_11,GER_11,9.112027529,15-Jun,0,0.041866457,0.002576397,0,0,0,0.002791097,0,0,0,0,0.578902168,0,0,0,0,0.118943677,0,0,0.00944679,0,0.080798683,0.017533815,0.002647964,0,0,0,0,0,0,0,0,0,0,0.001932298,0,0,0,0.006655693,0.13590496,0,0,0,0.763244444,39.30175781,447.6671281,487.3291557,55.06530481,595.1978467,276.2274067,791.4269405,412216828.6,30173934.82,44493.47553,119.3392625,>1,1.38,7.82,1.88,5.65,0,3,4.1,0.124,527.7,18,2.33,8.5,10.402881,54.165628,7.859981608,5.473333333,0.3735,5.475403869,54.12191667,10.41251667,4.170652446,283.3650635,11792937.85,1169593.073,-0.001683526,0.50624876,12.28293379,282.9577214,2.196130194,2.722203323,0.455419407,1.99E-06,0.000171843,2.71E-05,0.002085113,19,1.000030519,26290.5,18.3,8.64,NA,0.853333333,11.33659006,11.750928,0,3.590413966,5.37,259.1213814
Italy_01,ITA_1,855.2254971,08-Apr,0.000339284,0.011235515,0.004541184,0.000900407,0,0,0.001722518,0,0,0,0,0.133573442,0,0.000365383,0,0,0.094086022,0.002087901,0.040139889,0.074603299,0,0.49915179,0.015476563,0.032088423,0.020696315,0,0,0.048204405,0.002844765,0.000809061,0.010282911,0,0,0,0,0,0,0,0,0.006850924,0,0,0,0.56617402,35.71719349,608.9959978,480.7337252,71.55549316,281.5423791,429.5465025,704.5622336,172096255.6,121011202.8,58822.06769,136.9442141,1,2.9,13.28,2.2,168,168,2,57.8,3.842,506.1,369,6.21,275.3,12.052907,43.589656,7.505136005,12.24,0.4816,5.592016669,43.14788333,12.0673,2.188224074,285.0542917,14597167.74,1604110.853,-0.00186559,0.974364061,3.341001226,285.1359248,2.027833305,2.983663904,0.025635939,1.77E-05,0.001527842,0.000589997,0.003746415,19,1.000030519,22030.16667,NA,NA,NA,0.566666667,14.58303892,11.39651521,0,3.008593145,7.076666667,441.6023101
Italy_02,ITA_2,17.85953865,11-Apr,0,0.001554118,0,0,0,0,0,0,0,0,0,0.176618038,0,0.373940944,0.027673334,0.042211861,0,0,0.143379957,0,0,0,0,0,0,0,0,0,0,0,0,0,0,0,0,0.011680955,0.143480223,0,0,0,0,0,0.079460571,0.606910053,20.75438596,368.6478456,405.6249091,40.07275798,266.1276023,413.4317992,404.4978389,146991.2213,35477.06616,873.5053274,0,1,0.13,2.49,1.95,0.14,0,3,1.1,0.004,402.2,-1,0.25,0.8,16.019601,41.390689,8.050385091,4.1675,148.1,6.743088683,39.55281667,16.02246667,3.17917324,290.5001771,15019427.34,1762444.526,-0.001459702,0.711015824,14.77131115,289.2191414,1.148841042,1.996554555,0.288984176,2.67E-07,2.34E-05,2.30E-05,0.001633542,19,15.99996948,30251.5,NA,NA,NA,0.485,29.99570867,19.3850616,0.140602414,4.13135574,9.065,188.5386015
Italy_03,ITA_3,12.85004134,12-Apr,0.000780577,0.006325366,0,0.000619078,0,0,0.002476314,0,0,0,0,0.556632214,0,0,0.006486865,0.01205857,0.006056202,0.004844961,0.015153962,0.079726529,0,0.207660422,0.014131137,0.020429587,0.009609173,0,0.002099483,0.045031223,0.001103575,0,0.004710379,0,0,0,0,0,0,0,0,0.004064384,0,0,0,0.773489418,15.46813725,412.9710156,417.9376291,43.84846216,232.6387904,406.7010238,447.2086221,4255791.121,392213.4538,2325.461867,3.420298431,>1,0.41,2.35,1.04,2.23,0,3,5.5,0.045,573.5,654,5.01,5.7,15.602551,40.931288,7.446654038,-0.1895,0.04203,5.257281145,40.93316667,15.60496667,2.656825588,287.5028515,15192490.67,1707781.503,-0.001810622,0.333312987,15.03193048,287.2724877,2.293562022,2.431043051,0.666687013,1.51E-06,0.000130913,0.0001162,0.002107561,19,15.99996948,5862.333333,14.1,8.49,NA,1.33,12.28045383,15.750928,0,0.80060111,6.9,429.9332649
Italy_05,ITA_5,29.97702228,14-Apr,0,0.027026028,0.058858326,0.000887311,0.005471754,0,0.00225525,0.005434783,0.001922508,0,0.001589766,0.603039042,0,0,0,0,0,0,0.128031647,0,0,0,0.014640639,0.044254658,0,0,0,0.006026324,0.001293996,0,0,0,0,0,0,0.067065957,0,0,0.012866016,0,0.016193434,0,0.003142561,0.62608547,40.47619048,490.9867191,499.5033386,53.66139287,88.62350882,473.2207933,528.4150016,99052567.71,57474483.79,31181.46041,369.5896206,>1,2.28,9.86,1.84,4.06,0,3,1.8,0.064,733.4,-4,0.73,7.7,12.253125,44.525897,6.989109522,NA,0.2521,5.055859688,42.12868333,12.24681667,3.275928405,289.2468677,14038927.38,1632235.684,-0.001983455,0,10.67610975,289.3031013,1.062800421,1.147819779,0,4.34E-07,3.74E-05,3.48E-05,0.00270185,19,1.000030519,1070.5,13.2,8.57,NA,NA,0.767528364,0.927192269,3.637237955,0.146194943,NA,277.1865108
Italy_06,ITA_6,138.034126,15-Apr,0.00097269,0.014164796,0.001893939,0,0,0.000832398,0.000589226,0,0.000303966,0,1.40E-05,0.460419005,0,0.002623457,0.018242611,0.062467265,0.006140105,0.009123644,0.078418444,0.099822297,0,0.152506547,0.002174523,0.000925926,0.005349794,0,0,0.022914328,0,0,0.001561915,0,0,0.000135615,0,0,0,0,5.61E-05,0.058347363,0,0,0,0.728599451,18.46510631,386.1543452,408.4020561,44.72411076,309.7674795,421.5541174,425.152186,157437807.5,114694674.4,46449.16685,119.3450972,1,113.44,46.88,1.24,2080.83,0,3,18.3,3.151,7643.2,304,3.19,282.7,11.932292,42.536337,7.463767668,8.423,0.1447,5.57235228,42.60791667,11.94383333,3.259739444,289.0850421,14760349.73,1727644.937,-0.002179602,0.332550013,17.73964707,288.425389,3.056040468,2.514584541,0.613576366,7.16E-06,0.000618662,0.000178641,0.002908152,18.50001526,15.99996948,3639.5,NA,NA,NA,0.14,1.535056729,1.542130667,0,0.497035493,3.146666667,426.4410481
Italy_07,ITA_7,26.71597258,17-Apr,0,0.005500666,0,0.001261299,0,0,0,0,0,0,0,0,0,0,0,0,0.003608717,0,0,0.007672903,0,0.070422535,0.189580268,0.08121365,0.091584332,0.044250578,0,0.140074277,0,0.155735407,0.201387429,0,0,0,0,0,0,0,0,0.007707939,0,0,0,0.530621315,0,736.3632084,631.6023044,84.42481672,497.2789209,335.8011081,947.8013166,6427053762,214515237.7,181197.8117,143.5109809,>1,0.6,4.97,1.81,63,63,2,105.7,1.459,499.8,193,29.55,31,8.659257,46.457214,7.879094584,0.9154,680.2,6.162366987,45.95525,8.62777,1.609389215,274.7673013,14992828.31,1620529.321,-0.000979296,0.224665436,39.35841484,277.4483567,4.815909542,0.813415023,0.742953932,4.31E-05,0.003722024,0.001776287,0.00638902,2.999908443,9.000015259,3367,17.4,8.68,NA,0.08,2.333594192,2,0,0.459820993,0.74,240.4501914
Italy_08,ITA_8,8.867684459,18-Apr,0.002870229,0.069862595,0.027664122,0,0,0,0.01080916,0,0.000580153,0.002564885,0.002167939,0.457129771,0,0.024854962,0.024671756,0,0.136274809,0,0.163969466,0.006137405,0,0.010381679,0,0,0,0,0,0,0,0,0,0,0,0.011267176,0,0,0,0,0,0.014381679,0,0,0,0.630888421,5.774736842,506.907292,475.7431852,51.0185367,282.7899722,424.9019821,477.3907819,1915889318,367493757.4,163159.1272,129.4921535,>1,0.14,1.55,1.16,0.19,0,3,1.3,0.127,16.9,19,0.35,13,10.739766,45.17438,7.236034611,0.873066667,0.2618,5.423243917,45.68321667,10.73628333,2.032861539,288.4592563,14025356.44,1539410.699,-0.001813514,0.274472403,11.06592607,287.3918645,1.965978972,2.198221459,0.712267102,4.65E-06,0.0004022,0.000116051,0.003188761,19,1.000030519,930.6666667,14.8,8.93,NA,NA,0.767528364,0.333333333,0,0.127098328,NA,322.34419
Norway_01,NOR_1,15.49601997,26-Jun,0,0,0,0,0,0,0,0,0,0,0,0.109585959,0,0,0,0,0,0,0,0.038478848,0,0,0.813006301,0.006750675,0,0,0,0.01170117,0,0,0,0,0,0,0.015976598,0,0,0,0,0.00450045,0,0,0,0.574888889,42.57007576,706.3638513,523.1521992,89.78907741,512.0364248,347.9081297,1218.600639,35294824.85,6436448.486,30002.64229,51.93025903,>1,0.12,1.54,1.26,0.54,0,3,4.5,0.037,167.5,154,4.9,2.2,11.534153,59.029625,7.885578564,5.524666667,0.3475,6.905652992,58.99603333,11.53458333,3.535496964,281.0311905,11226554.93,1106266.559,-0.001317061,0.989058947,9.688757318,280.4307792,2.607915096,2.884879664,0.010941053,1.02E-05,0.000885,2.46E-05,0.003083067,2.999908443,1.000030519,4130.5,20.6,7.73,4.5,1.236666667,24.47768381,20.72984854,0,0.564089876,2.313333333,178.1633843
Norway_02,NOR_2,9.454199435,27-Jun,0,0.027747403,0.00020503,0,0,0,0,0,0,0,0,0.085634226,0,0,0,0,0,0,0.006560962,0.044969929,0,0.010046473,0.512301804,0.014283762,0,0,0,0.177966102,0,0,0,0,0,0,0.02036632,0,0,0,0.024398578,0.07551941,0,0,0,0.629041667,32.59935897,769.3206422,548.5055374,74.53394981,523.9370054,341.0217973,1698.433209,15916566234,370060037.9,347778.4124,11.96352759,>1,0.16,2.09,1.48,0.73,0,3,4.6,0.51,16.6,279,4.69,32.7,11.28015,60.421976,7.96973949,2.427333333,0.4095,6.783387534,60.4186979,11.2191583,2.316887697,278.33479,11082499.47,1004121.691,-0.001178982,0.841087696,22.85890315,278.1967534,2.89756306,2.077578957,0.007553446,1.35E-05,0.001168782,0.000150345,0.003296107,2.999908443,17,6423,14.9,7.83,5,0.785,12.28045383,9.375492257,0.909581358,0.877169658,3.08,159.9333827
Norway_05,NOR_5,5.363340095,13-Aug,0,0,0,0,0,0,0,0,0,0,0,0.006495508,0,0,0,0,0,0,0,0.006305858,0,0.010596686,0.657895361,0.002821042,0,0.011971647,0,0.154114217,0,0,0.000971956,0,0,0,0.093947799,0,0,0,0.011924235,0.042955693,0,0,0,0.69663599,24.79928919,907.800019,564.8277201,68.98268338,574.9692886,362.9199468,2022.507067,2245545688,48130905.81,75784.57748,0.979086367,>1,0.36,3.68,1.72,1.66,0,3,4.6,0.367,52.2,554,3.53,23.4,11.203707,61.428645,8.027265449,2.593,0.1181,6.952685904,61.56633333,11.2144,2.18301453,276.2301202,11206673.51,996362.3674,-0.000932595,0.922069797,24.30753717,276.6354437,2.522217814,1.724617447,0.077930203,8.07E-06,0.00069696,6.16E-05,0.002855807,2.999908443,17,8548,15.9,6.05,4,0.733333333,14.58303892,10.56315362,1.187779548,1.167374473,2.826666667,118.1753836
Norway_07,NOR_7,3405.496552,07-Sep,0,0,0,0,0,0,0,0,0,0,0,0,0,0,0,0,0,0,0,0,0,0,0,0,0.005116959,0.849597953,0,0,0,0,0.009198343,0,0,0,0.073403996,0,0,0,0,0.062682749,0,0,0,0.135139785,31.43925674,804.3063156,558.3282995,73.00761289,519.902554,404.7074309,1707.038255,195531834,3480377.653,24356.50385,0.917215542,>1,0.2,2.56,1.6,0.77,0,3,3.8,0.002,4442.8,732,2.89,0.2,20.764613,68.794236,8.038796154,1.451,0.0827,6.683067171,69.14265,20.754,3.3843899,271.1913628,9553903.417,895712.8543,-0.000644476,0.011536173,5.61167656,275.9170892,4.968565456,0.906606969,0.951429051,9.05E-06,0.00078247,3.69E-05,0.002225142,5.000137335,9.000015259,2450.333333,11.5,6.07,10,0.336666667,7.115184052,5.375435743,0.080388075,0.334634603,1.446666667,45.25116416
Norway_08,NOR_8,14.67750767,08-Sep,0,0,0,0,0,0,0,0,0,0,0,0.006503642,0,0,0,0,0,0,0,0,0,0.078238814,0,0,0,0.068158169,0,0,0,0.342026535,0.491155047,0,0,0,0.001886056,0,0,0,0,0.012031738,0,0,0,0.308668321,32.39903846,771.0478256,567.8521468,86.86462913,461.323101,427.9547849,1905.840362,739472.5646,11151.06941,418.2484457,1.424729824,1,0.12,1.5,1.25,0.57,0,3,5,0.079,84.2,880,6.15,4.1,20.864144,69.42516,8.054663565,2.404,0.1132,6.791609705,69.8178023,20.8624474,2.385308394,270.1931856,9422061.796,864497.3341,-0.000451401,0.014801703,10.68259503,275.5388927,4.973044115,0.895738925,0.746021089,1.97E-05,0.001703618,0.000249232,0.002639366,5.000137335,9.000015259,3518,11.5,6.07,NA,0.65,10.50695923,8.16663841,0,0.480442606,4.485,26.03064525
Norway_10,NOR_10,8.387772763,10-Sep,0,0,0,0,0,0,0,0,0,0,0,0,0,0,0,0,0,0,0,0.004700905,0,0.554354213,0,0,0,0.144513652,0,0,0,0,0.110040349,0,0,0,0.145493007,0,0,0,0,0.040897873,0,0,0,0.368666667,22.84325397,918.2910922,575.4747764,67.89981397,570.8480862,382.8122904,1695.376631,141007644,1269039.296,6488.836981,5.627756433,>1,0.62,4.8,1.72,3.86,0,3,6.3,0.03,1488.3,447,5.78,2.8,22.934375,69.181996,7.924455557,0.5491,0.07186,6.933257737,70.02411667,22.93045,3.295555059,272.1778192,9437905.861,846183.5914,-0.000775292,0.293394168,5.056739861,276.1935984,4.538553095,0.967361387,0.666656494,5.74E-06,0.000494472,1.34E-05,0.001847391,5.000137335,17,660.8333333,12.6,6.03,11,0.053333333,5.54903396,2.833305077,0,0.090248007,0.69,57.49786624
Norway_11,NOR_11,2.788780073,11-Sep,0,0,0,0,0,0,0,0,0,0,0,0,0,0,0,0,0,0,0,0.007194245,0,0.197718537,0.007958017,0.015324727,0,0.108948458,0,0,0,0,0.3935646,0,0,0,0.005272494,0,0,0.019932,0,0.010544989,0,0,0.233541934,0.61413313,40.78422561,892.563408,599.0700296,86.69505874,509.8105459,388.2407161,1938.084832,1897573.658,202417.406,2325.55768,5.627756459,1,0.19,2.37,1.52,1.18,0,3,6.1,0.088,155.5,226,7.97,4.2,23.53729,70.066438,7.634817536,3.036,0.1163,6.359013965,70.0659,23.53928333,2.522573821,272.568195,9205198.275,820017.7898,-0.000701331,0.279375785,11.10055663,275.9587548,4.733302306,0.754737584,0.414244223,1.18E-05,0.001018579,0.000112417,0.00209496,5.000137335,9.000015259,1646.5,12,6.03,3,0.973333333,16.70928861,12.18771787,0,0.224857519,1.47,55.71836518
Norway_12,NOR_12,1.408079533,12-Sep,0,0,0,0,0,0,0,0,0,0,0,0,0,0,0,0,0,0,0,0.004791482,0,0.555102041,0,0,0,0.138287489,0,0,0,0,0.06934339,0,0,0,0.149822538,0,0,0,0.027018634,0.055634428,0,0,0,0.562634615,19.95615385,972.2258081,594.9959515,69.09414113,565.948097,380.0921041,1826.160618,122774353,1159649.597,5307.984699,5.627756521,>1,0.25,2.93,1.66,1.24,0,3,5,0.023,624.2,444,4.84,2.1,23.565625,69.444751,7.855979842,3.882,0.1138,6.688261095,70.10895,23.56088333,3.310244762,272.059657,9339957.647,835507.4575,-0.000685163,0.359803458,1.851166588,275.980606,4.438153297,0.802458125,0.640196542,9.74E-06,0.000841525,1.72E-05,0.001896594,5.000137335,2.000061038,1167,12.3,6,8,0.56,8.9719025,6.542130667,0,0.159373656,1.616666667,51.98236877
Norway_14,NOR_14,54.31236619,14-Sep,0,0,0,0,0,0,0,0,0,0,0,0,0,0,0,0,0,0,0,0,0,0.564884393,0,0,0,0.23265896,0,0,0,0,0.070231214,0,0,0,0.064306358,0,0,0,0.066763006,0.001156069,0,0,0,0.538938562,23.58193277,983.2369685,571.3188782,67.37097354,568.4269143,371.9393612,1885.511895,3547889.8,390082.0647,3032.777144,NA,1,0.2,2.95,1.87,0.77,0,3,3.9,0.197,45.1,412,3.03,15.1,23.989724,69.742465,7.59392129,0.5552,0.04203,6.493849158,71.1057,25.80268333,3.449494056,272.1205099,9332222.215,824383.5867,-0.000704318,0.256252575,1.882766443,276.018965,4.546068393,0.909022707,0.608533105,8.22E-06,0.000710407,1.52E-05,0.001855522,5.000137335,2.000061038,1419.666667,10.9,6.63,6.5,0.376666667,5.518024861,4.802712782,0,0.193879577,1.02,51.98236877
Poland_01,POL_1,3.527996127,12-Jun,0,0.147132616,0.011021505,0,0,0,0,0,0,0.002956989,0.012724014,0.540143369,0,0,0,0,0.133243728,0,0,0.006810036,0,0.026433692,0.048655914,0.027598566,0.030017921,0,0,0.009139785,0,0,0,0,0,0,0,0,0,0,0,0.004121864,0,0,0,0.574820513,15.20089286,680.9245463,377.4955175,41.40770008,657.1613576,238.0189937,543.1954755,1791547.249,226862.0003,2285.753526,36.80597153,1,0.19,2.31,1.51,0.43,0,3,2.3,0.057,87,55,1.06,6.6,15.066544,53.458523,7.935913666,7.748666667,0.5694,5.677876502,53.45338333,15.06766667,3.916762895,283.7531451,11671342.28,1190006.397,-0.001632386,0.240382708,8.829457423,283.2322693,2.24835579,2.096421712,0.729937589,1.28E-06,0.000111425,2.27E-05,0.001767999,19,1.000030519,52152.33333,26.2,8.55,3,0.446666667,13.04798219,14.57277947,32.75374092,7.122286223,6.32,239.0931538
Poland_02,POL_2,83.53187847,13-Jun,0,0.026479494,0,0,0,0,0,0,0,0,0.001651528,0.45730801,0,0,0,0,0.040737682,0,0.002697495,0.019928434,0,0.073713185,0.210019268,0.1134049,0,0,0,0.008037435,0,0,0,0,0,0,0,0,0,0,0,0.046022571,0,0,0,0.677528139,20.2761194,624.0180966,353.949052,40.70736103,711.3991036,196.3722206,548.4990727,24503481.35,1690971.761,8930.60998,42.37837789,>1,1.31,8.3,2.05,8.63,0,3,6.6,0.144,694,55,4.17,30.4,15.64511,52.925778,7.997667045,3.929666667,0.2485,5.926613526,52.914853,15.661861,3.731914947,283.7424464,11700960.84,1186124.562,-0.001569564,0.429630873,6.558845671,283.0762685,2.095158165,2.588088223,0.551477881,1.02E-06,8.87E-05,1.93E-05,0.001754638,19,1.000030519,14180,22.2,8.5,4.5,0.063333333,4.957841005,6,0,1.936519657,3.273333333,203.9013868
Slovenia_01,SLO_1,4033.722214,24-Apr,0,0.02254813,0,0.001003201,0,0,0,0,0,0,0.006401376,0.002866288,0,0,0,0,0.048822433,0,0.047102661,0.069077533,0,0.031146993,0.481249701,0.262408637,0.002245259,0,0,0.018487556,0,0,0,0,0,0,0,0,0,0,0,0.006640233,0,0,0,0.667489712,47.15141612,857.498895,665.9576794,101.4112956,302.4606647,445.6820196,1310.76949,4342129.419,1452226.179,6080.930682,356.2181909,1,1.26,5.23,1.31,17.94,0,3,14.2,0.271,766.4,476,10.42,10.2,14.096871,46.361248,7.43049755,1.555,0.3355,5.896164785,46.36062,14.088032,1.654836429,282.5563955,13800045.02,1382046.398,-0.001769691,0.846840523,22.84625049,282.5792232,2.237384219,2.958540231,0.153159477,3.28E-05,0.002829389,0.001374108,0.005096206,19,1.000030519,5977.5,NA,NA,4.5,0,2.302585093,1.791202667,0,0.816329073,8.713333333,364.8509379
Sweden_01,SWE_1,28.94332229,18-Jun,0,0.010153116,0.00032752,0,0,0,0.001364666,0.001173613,0,0,0.003793772,0.304648053,0,0,0,0,0.008761156,0,0.003056852,0.041431262,0,0.089276454,0.43109801,0.0143017,0,0,0,0.03837441,0.001473839,0,0,0,0,0,0.04601654,0,0,0,0,0.003220612,0,0,0.001528426,0.614088751,32.29057018,546.6628584,533.4772895,82.68426155,595.7653909,290.9487307,1185.875931,2354286.123,282524.7805,3310.017026,54.30750656,1,0.33,2.45,1.2,1.36,0,3,4.1,0.232,68,61,2.98,11.9,13.075389,56.674223,7.966960611,4.086666667,0.1745,6.822940522,56.67526667,13.07176667,4.141098885,281.9655847,11445148.74,1128594.719,-0.001759706,0.283597577,7.537423893,281.8515524,4.662479209,2.242304509,0.669929654,7.49E-06,0.000646775,2.05E-05,0.002876732,2.999908443,1.000030519,17630.5,21.2,6.57,NA,NA,18.16103722,15.07275122,0,2.407743992,NA,218.6102866
Sweden_02,SWE_2,19.94149021,19-Jun,0,0.011787126,0,0,0,0,0.001870412,0,0,0,0.005258329,0.473037832,0,0,0,0,0.010022586,0,0.002717391,0.057206381,0,0.181818182,0.203310277,0.003952569,0,0,0,0.017010164,0,0,0,0,0,0,0.00088227,0,0,0,0,0.030738283,0,0,0.000388199,0.633908046,39.18365262,519.4191808,520.1633952,86.13168134,588.858601,267.9158734,997.1151601,11474049.83,2999103.098,10878.21174,17.26894528,>1,0.21,2.06,1.26,0.98,0,3,4.6,0.01,1130.3,84,4.24,0.6,12.517292,57.100895,7.489069837,3.822333333,0.2268,5.812004066,57.08735,12.51258333,4.059268155,282.2575829,11422960.26,1177430.642,-0.001678435,0.484656585,16.93733183,281.7548251,3.961164604,2.803261046,0.201165825,9.75E-06,0.000842451,3.94E-05,0.002965906,2.999908443,1.000030519,4182.666667,21,6.47,NA,0.666666667,10.18529751,10.02107946,0,0.57121412,2.243333333,245.9972895
Sweden_03,SWE_3,21.86108182,20-Jun,0,0.007537162,0.001814502,0,0,0.005792449,0,0,0,0,0,0.066717845,0,0,0,0,0.003070696,0,0.008932933,0.020238677,0,0.028892456,0.657408054,0.041524182,0,0,0,0.04494382,0,0,0,0,0,0,0,0,0,0,0,0.113127225,0,0,0,0.658191176,0,829.3790312,568.9839538,88.27086252,544.925518,332.0142455,1187.414715,1843668.981,236163.8075,2231.263014,6.038293839,1,0.21,2.15,1.31,0.61,0,3,2.9,0.014,506,131,1.61,2.3,14.477728,58.62126,7.240646331,5.652333333,0.2088,5.513806241,58.61808333,14.48211667,4.427071049,281.2434599,11258785.89,1098098.621,-0.001767234,0.519432957,15.61318979,281.3278218,3.105794027,1.98435369,0.011292021,4.88E-06,0.000421457,1.05E-05,0.002371034,2.999908443,1.000030519,5379,21.6,6.81,NA,0.653333333,15.55799606,14.42722053,0,0.73459374,8.706666667,20.34691072
Sweden_04,SWE_4,27.77767861,21-Jun,0,0.020552695,0.003782705,0,0.000630451,0,0,0,0,0.002059473,0.003393927,0.102868551,0,0,0,0,0.017295366,0,0.007460334,0.049753073,0,0.028780078,0.280907849,0.019113166,0,0.00185983,0,0.001050751,0,0.027077861,0.048492172,0,0,0,0,0,0,0,0,0.002301145,0,0,0.382620574,0.714334974,47.32744299,610.2904785,516.6012626,92.12442395,514.1474927,307.3274787,1257.421084,29009739.1,1550941.484,12821.9098,23.27877195,>1,1.42,11.69,2.77,9.53,0,3,6.7,0.523,210.9,32,4.13,28.8,11.749003,58.235547,7.92109589,7.349,0.3496,6.335958733,58.23513333,11.75205,4.215743776,281.9019039,11334019.76,1153587.566,-0.001612708,0.776288282,18.05038428,281.4212865,3.387659652,2.627453643,0.024590664,7.66E-06,0.000661944,8.47E-05,0.003046723,2.999908443,1.000030519,29738,19.4,7.2,NA,1.316666667,26.44871947,20.39651521,1.124900351,4.0612286,25.16333333,61.89647726
Sweden_05,SWE_5,39.35828334,23-Jun,0.000632771,0.023362567,0.003829929,0.000127664,0.000377442,0.001837256,0.000288632,0.00035524,0,0.002453375,0.001354352,0.060429618,0,0,0,0,0.010351909,0,0.002048179,0.030112123,0,0.070204263,0.566540853,0.041135657,0,0,0,0.028785524,0,0.000949156,0,0,0,0.00240897,0.001454263,0.000843694,0,0,0.000188721,0.023029529,0.000410746,0,0.126487567,0.661398042,0,778.392506,543.9510798,91.98173976,592.7582976,297.7619834,1292.060092,3877076.37,1027494.214,7084.220658,27.66056577,1,0.11,1.96,1.68,0.32,0,3,3,0.008,462.1,80,2.11,1,15.379394,56.334941,7.911481071,7.677666667,0.3023,6.466455486,56.31873333,15.3763,4.128003091,282.0763702,11392646.19,1134332.706,-0.001317017,0.969603101,6.994027182,281.6542788,2.250997589,2.426958511,0.030396899,4.79E-06,0.000414065,1.05E-05,0.001970139,2.999908443,1.000030519,1177,23.5,7.24,3.5,1.133333333,22.67318011,20.43861762,0,0.160739326,3.99,44.14435419
Sweden_06,SWE_6,45.28064049,24-Jun,0,0.008375209,0.002403321,0,0,0,0,0,0,0,0,0,0,0,0,0,0,0,0.001529386,0.017770009,0,0.00174787,0.80474838,0.002112009,0,0,0,0.088631564,0,0,0,0,0,0,0.009321972,0,0,0,0,0.06336028,0,0,0,0.641728571,0,704.7988017,570.1177351,92.51615993,579.6796396,336.4109819,1825.67026,5323159.096,1210291.749,5687.684112,8.142331779,1,0.1,1.38,1.26,0.18,0,3,1.9,0.01,213.2,237,0.89,1.2,15.23898,56.886479,7.773242533,4.226333333,0.1789,6.198772158,57.05513333,15.23741667,3.620076335,281.3862903,11395818.4,1087813.713,-0.001363884,0.956571498,4.122859221,280.9940946,2.748813575,2.867303089,0.043428502,5.90E-06,0.000509666,1.29E-05,0.002036526,2.999908443,1.000030519,2826.333333,20.5,7.01,4.5,0.43,10.63116415,9.114910141,5.096086844,0.385983784,3.55,215.9601582
Sweden_07,SWE_7,77.56190236,25-Jun,0,0.000218659,0,0,0,0,0,0,0,0,0,0.107434402,0,0,0,0,0.039067055,0,0.007069971,0.066180758,0,0.065670554,0.600145773,0.015233236,0,0,0,0.045408163,0,0,0,0,0,0,0.018731778,0,0,0,0,0.03483965,0,0,0,0.608128205,32.54048583,675.0694569,537.3350789,90.02566769,580.8618937,325.6466846,1152.720848,102668804.1,935317.4396,3875.929946,7.660390583,>1,1,3.99,1.13,4.5,0,3,4.5,1.566,33.2,241,2.52,102.8,13.551042,57.902083,7.801870028,7.934,0.3196,6.188686929,57.90081667,13.54426667,3.653529482,280.4670241,11419838.95,1065957.198,-0.001361277,0.961393496,3.455193058,280.3705061,2.631178185,2.904838656,0.038606504,1.20E-05,0.001040183,2.18E-05,0.002849491,2.999908443,1.000030519,27876.66667,22.2,8.47,1,NA,35.89749771,30.42722053,1.274221034,3.807031944,NA,220.7270175
Sweden_08,SWE_8,29.96382748,28-Jun,0,0,0,0,0,0,0,0,0,0,0,0,0,0,0,0,0,0,0,0.000229948,0,0,0.754369021,0.021937086,0,0,0,0.043966152,0,0,0,0,0,0,0.0183039,0,0,0,0,0.161193893,0,0,0,0.687901786,31.0797619,684.1446711,565.4211231,80.81207226,588.1169556,313.8995998,1161.632396,2993548.126,571071.1566,4463.291066,5.591863897,1,0.55,4.1,1.56,3.1,0,3,5.6,0.042,854.1,214,4.85,4.1,12.294792,59.610557,8.008869321,6.545333333,0.2081,7.053808485,59.611,12.301,3.279987003,280.215708,11168165.98,1043235.638,-0.001364631,0.973387454,9.395139345,279.7925561,2.607960875,0.654548329,0.004898296,9.93E-06,0.000857748,6.07E-05,0.002720896,2.999908443,0,6909,20.5,6.28,2.5,NA,37.28722813,28.42722053,0,0.943541207,NA,188.0123474
Sweden_09,SWE_9,49.20162449,29-Jun,0,0,0,0,0,0,0.001356596,0,0,0,0,0.048988205,0,0,0,0,0.001431963,0,0.009232393,0.021969326,0,0.003353808,0.810415646,0.021705543,0,0,0,0.03832385,0,0,0,0,0,0,0,0,0,0,0,0.04322267,0,0,0,0.6325639,26.96442688,732.2274578,556.559894,73.15637917,551.3236099,349.6438921,1220.150519,3063071.413,845608.9906,6309.730847,19.76451335,1,0.15,1.84,1.35,0.6,0,3,4.1,0.02,346.9,260,3.67,1.9,12.760141,59.860321,7.756418142,4.093333333,0.1597,6.551308991,59.73083333,12.75676667,3.085431736,279.8615623,11136376.07,1039432.048,-0.001319518,0.990966383,8.163253628,279.6540186,2.586902782,2.973123512,0.008545313,8.80E-06,0.000759949,2.13E-05,0.002763685,2.999908443,1.000030519,8011,19.5,6.15,2.75,0.773333333,16.7713068,13,0,1.094038009,4.666666667,187.4452972
Sweden_10,SWE_10,8.608669899,30-Jun,0,0.021084112,0,0,0,0,0,0,0,0,0,0.077233645,0,0,0,0,0,0,0.007327103,0.022205607,0,0.01682243,0.602691589,0.073794393,0,0,0,0.058168224,0,0,0,0,0,0,0.004635514,0,0,0,0,0.116037383,0,0,0,0.601186869,0,940.8871233,584.677585,83.14900569,448.9441261,396.219972,1296.451412,14487465.07,1667566.976,8192.57633,23.10651327,1,0.19,2.64,1.7,0.84,0,3,4.4,0.02,485.9,150,4.02,2,15.694792,60.060555,7.955409023,6.699333333,0.2323,6.775349162,59.90453333,15.69393333,3.271809231,279.5412842,10979631.79,1046069.856,-0.00119139,0.993529977,5.17550954,279.5177065,2.461500313,1.582563733,0.006470023,7.50E-06,0.000648087,1.73E-05,0.002275609,2.999908443,1.000030519,12627.66667,21.2,6.7,4.25,1.136666667,24.41558135,22.16669492,1.782976879,1.724522195,2.686666667,170.9631406
Sweden_11,SWE_11,26.54953265,01-Jul,0,0.002161902,0,0,0,0,0,0,0,0,0,0.068039875,0,0,0,0,0.008887821,0,0.006305549,0.065517656,0,0.007626712,0.618244055,0.058611578,0,0,0,0.026903675,0,0,0,0,0,0.003963488,0.000660581,0,0,0,0,0.133077108,0,0,0,0.619795207,0,890.7853543,596.2082221,92.36730251,460.571835,358.9594539,1167.761222,6152425.192,1972047.621,20935.09228,15.39761094,>1,0.58,5.4,1.99,3,0,3,5.1,0.025,1388,73,3.91,5.3,16.215625,58.242706,7.699629883,6.639333333,0.2496,6.226375733,58.17926667,16.22365,3.491314276,281.2886736,11163908.1,1117090.489,-0.001344796,0.990356004,7.286913972,280.6709284,2.688477561,1.553819229,0.009643996,2.33E-06,0.000200779,1.32E-05,0.001788843,2.999908443,1.000030519,6613.5,21.4,7.31,4.5,0.873333333,17.53883517,16.17626427,0,0.903185666,2.433333333,205.6809349
Sweden_14,SWE_14,68.42293536,05-Jul,0,0.022525067,0.003671798,0,0,0,0,0,0,0,0.000706115,0.071035165,0,0,0,0,0.018641435,0,0.026549922,0.015746364,0,0.016170032,0.661841548,0.071246999,0,0,0,0.010591724,0,0,0,0,0,0,0,0,0,0,0,0.081273831,0,0,0,0.63212,0,847.9120393,586.3557281,92.7735984,497.925373,343.3405662,1082.6975,173114.8871,47452.02875,845.4549122,8.806360245,1,0.94,10.85,3.16,5.69,0,3,6.1,0.016,4113.3,169,4.76,3.7,15.593542,58.052645,7.445859627,6.942666667,0.2862,6.005156824,57.77755,15.58343333,3.547218439,280.9314954,11267098.09,1105618.861,-0.001413544,0.950772893,7.683660649,280.5198686,2.813300169,0,0.00447103,3.31E-06,0.000285402,1.12E-05,0.001882342,2.999908443,0,5504,17.4,6.92,3.5,0.996666667,16.96893213,14.875464,0,0.751664611,5.593333333,202.632577
Sweden_15,SWE_15,73.14361703,06-Jul,0,0.016622463,0.002639111,0,0,0,0,0,0,0.000367637,0.001890707,0.073356792,0,0,0,0,0.007195189,0,0.008219322,0.022872299,0,0.00420157,0.713032746,0.025038733,0,0,0,0.03684252,0,0,0,0,0,0,0.007234579,0,0,0,0,0.080486332,0,0,0,0.622713005,0,865.7114523,589.928932,91.5839384,407.548083,383.0656038,1445.399628,14553104386,77631131.63,106241.0644,39.24444505,>1,0.43,4.44,1.91,1.79,0,3,4.1,0.016,1293,63,2.74,3.2,15.905208,58.740136,7.954899289,6.675,0.4909,6.356453359,58.6235,15.9052,3.389122407,281.0648878,11094560.63,1090982.647,-0.001410646,0.9910732,6.137206954,280.584649,2.919494758,2.900751339,0.0089268,2.71E-06,0.000233764,2.07E-05,0.001907559,2.999908443,1.000030519,11242,6.79,9.4,2,1.3,22.61107765,19.79120267,0,1.535285894,7.876666667,195.141419
Sweden_16,SWE_16,25.10534405,07-Jul,0,0.00944668,0.000794769,0,0,0,0,0,0,0,0.001830986,0.097132797,0,0,0,0,0.003480885,0,0.005372233,0.018993964,0,0.003953722,0.327907445,0.04415493,0.000402414,0,0,0.007404427,0,0,0,0,0,0.001348089,0.001086519,0.000814889,0,0,0,0.020734406,0,0,0.455140845,0.730763875,0,973.4278309,598.3198066,101.6721357,357.0540933,344.7993875,1301.982549,12704184.06,1558334.831,7739.026728,49.31221973,>1,0.17,2.44,1.65,0.52,0,3,3,0.006,999.9,48,1.87,1,17.381968,58.889167,7.792123356,8.144333333,0.3038,6.543610804,58.86651667,17.38796667,4.987157607,281.2672422,10937273.51,1162172.812,-0.001105598,0.738551569,22.10972589,280.9651273,2.399344605,1.63517406,0.040765721,1.10E-06,9.52E-05,5.39E-06,0.001799938,2.999908443,1.000030519,7810,17.7,7.12,3.5,1.343333333,27.07092152,23.14561546,0.353257868,1.066588048,3.31,16.1754327
Sweden_17,SWE_17,18.52318895,08-Jul,0,0.012987013,0,0,0,0,0,0,0,0,0.003246753,0.112012987,0,0,0,0,0.002435065,0,0,0.026785714,0,0,0.538961039,0.095779221,0,0,0,0,0,0,0,0,0,0,0,0,0,0,0,0.207792208,0,0,0,0.528839506,0,991.3410992,605.0761752,108.2114316,436.5653614,327.1641244,1511.208612,18026762630,1041533467,2177569.054,72.31353054,>1,0.11,1.89,1.58,0.37,0,3,3.2,0.001,4257.6,6,2.49,0.2,17.594845,59.393167,7.959998077,6.472333333,0.3136,7.147881433,59.25225,17.58803333,3.581671092,280.8920399,10834185.31,1106579.54,-0.001279538,0.936551051,9.419109456,280.4121466,3.207086506,2.954036407,0.031251431,2.61E-06,0.000225087,2.31E-05,0.001888237,2.999908443,1.000030519,3926,NA,NA,3.5,1.17,20.19417534,18.66666667,0.435532245,0.53616193,2.363333333,172.4931932
Sweden_18,SWE_18,10.37251339,10-Jul,0,0.01124183,0.002254902,0,0,0,0.001732026,0,0,0.001470588,0,0.032026144,0,0,0,0,0.001045752,0,0.003986928,0.017091503,0,0.007091503,0.688202614,0.050686275,0,0,0,0.083267974,0,0,0,0,0,0,0.016633987,0,0,0,0,0.083267974,0,0,0,0.636333333,0,843.5786541,585.5226629,82.82345026,514.9327406,368.0374317,1385.267773,3390893.105,382596.4333,4501.765792,6.384297848,1,1.78,11.35,2.4,14.23,0,3,8,0.152,1083.3,176,4.68,16.7,15.680259,59.939815,7.800577961,7.267333333,0.2617,6.627899817,60.03085,15.67098333,3.272066679,279.9699117,10993338.43,1049130.116,-0.001160166,0.997772115,3.365225662,279.814093,2.44966658,0,0.002227885,6.53E-06,0.00056507,1.74E-05,0.002254133,2.999908443,0,9069.5,21,7,4,1.236666667,23.47171757,21.57277947,0,1.238594149,1.336666667,195.1762186
Sweden_182,SWE_182,82.14225686,10-Jul,0,0.007483019,0,0,0,0,0.002033846,0,0,0,0,0.02091408,0,0,0,0,0.001688476,0,0.013546184,0.009631989,0,0,0.715645267,0.017383629,0,0,0,0.086150658,0,0,0,0,0,0.002417591,0.063394605,0,0,0,0,0.059710657,0,0,0,0.629681511,0,867.2455937,592.3454474,81.20428354,489.0075004,367.388081,1486.537385,104406.445,35608.77448,844.554881,4.727151,1,0.24,2.63,1.51,1.11,0,3,4.6,0.016,802.9,175,4.12,1.8,15.462344,59.781596,7.375275475,3.157333333,0.1876,5.757513308,59.9200365,15.4643798,3.259421419,279.7955305,11030794.21,1047708.66,-0.001154247,0.99938962,4.037660415,279.692604,2.444730136,0,0.00061038,7.08E-06,0.000611862,1.82E-05,0.002353413,2.999908443,0,NA,NA,NA,NA,NA,5.22737224,4.166694923,0.055527907,NA,NA,197.5319429
Sweden_19,SWE_19,317670.8113,11-Jul,0,0.000572656,0,0,0,0,0,0,0,0,0,0.015604868,0,0,0,0,0.002791696,0,0,0.006227631,0,0.005440229,0.757193987,0.028131711,0,0,0,0.114889048,0,0,0,0,0,0,0.002433787,0,0,0,0,0.066714388,0,0,0,0.62868599,0,938.5171371,599.2960725,81.96101749,496.4827502,370.2274409,1393.498819,596969.3756,171635.6236,2425.986687,4.727151155,1,0.13,1.99,1.55,0.54,0,3,4.1,0.021,298.6,169,3.98,2,15.73715,60.167092,7.890922884,8.418666667,0.2354,6.884308856,60.15946667,15.74001667,3.271809231,279.5412842,10979631.79,1046069.856,-0.00119139,0.993529977,5.17550954,279.5177065,2.461500313,1.582563733,0.006470023,7.50E-06,0.000648087,1.73E-05,0.002275609,2.999908443,1.000030519,10698.5,19.4,6.44,2.5,1.45,31.08489876,27.11491014,0.980368777,1.461061745,4.84,170.9631406
Sweden_20,SWE_20,7.986611795,12-Jul,0,0.016192095,0.00161496,0,0,0,0.000127497,0.002082448,0,0,0,0.151168721,0,0,0,0,0,0,0.01521462,0.014279643,0,0.004759881,0.618997025,0.074118147,0,0,0,0.044878878,0,0,0,0,0,0.009392265,0,0,0,0,0.001827454,0.045346366,0,0,0,0.57391358,0,995.462609,591.1864471,86.77022072,423.1115522,389.2228395,1315.326663,26984232112,12389561.53,37179.43005,9.125902882,>1,0.2,2.19,1.38,0.81,0,3,4.1,0.021,447.5,73,3.36,2.1,16.344497,60.169184,7.607943796,6.069,0.2245,6.014148796,60.14801667,16.34281667,3.21150573,279.6267371,10886603.04,1046508.899,-0.00114602,0.992202402,3.933705156,279.5756788,2.487655075,1.906472524,0.007797598,7.16E-06,0.000618161,1.79E-05,0.002163987,2.999908443,1.000030519,12710,17.1,6.59,1.5,1.44,34.68410271,26.31225387,0,1.735766209,8.273333333,169.0625475
Sweden_22,SWE_22,30356.36754,14-Jul,0,0.00375,0,0,0,0,0,0,0,0,0,0.119583333,0,0,0,0,0,0,0,0.0075,0,0,0.55875,0.1025,0,0,0,0.080416667,0,0,0,0,0,0,0,0,0,0,0.01375,0.11375,0,0,0,0.707612121,0,994.4306608,638.1072526,85.61787779,466.7008733,375.2039179,1961.287268,11545853.93,1282588.206,6035.927047,9.490396377,1,1.12,5.71,1.52,5.82,0,3,5.2,0.068,991.2,258,3.32,7,16.573958,61.662753,7.850335481,8.894333333,0.183,7.106662163,61.66216667,16.58965,3.02574914,278.4512485,10706347.11,1046591.491,-0.001183978,0.991851434,4.96276685,278.9718544,2.446889353,2.978288193,0.005813865,5.01E-06,0.000433592,1.58E-05,0.002153395,2.999908443,1.000030519,10313.5,19.1,6.72,NA,1.656666667,54.0586192,40.91762292,0,1.408483461,5.36,173.5672136
Sweden_24,SWE_24,5.588998909,16-Jul,0,0,0,0,0,0,0,0,0,0,0,0,0,0,0,0,0.001233397,0,0,0,0,0,0.62386148,0.082258065,0,0,0,0.216555977,0,0,0,0,0,0,0.066793169,0,0,0,0,0.009297913,0,0,0,0.714128852,0,925.5361024,572.2762231,71.52871325,563.5127487,346.941758,2024.929204,31731539.81,1806045.064,8676.354093,5.175613679,>1,0.14,1.89,1.42,0.54,0,3,3.8,0.005,1242.2,324,3.28,0.7,15.683917,62.381682,7.727104456,7.551,0.1901,6.749275335,62.24396667,15.67738333,2.994991628,276.8973548,10722360.81,1002665.459,-0.001054261,0.988707979,5.359195622,278.1258817,2.206842354,2.958901203,0.007767079,9.76E-06,0.000843222,2.07E-05,0.002039668,2.999908443,1.000030519,5923.166667,15.9,7.17,2.5,1.793333333,37.07979936,29.59385894,0.326690406,0.808908934,3.4,132.1893396
Sweden_25,SWE_25,2935.608279,17-Jul,0,0,0,0,0,0,0,0,0,0,0,0,0,0,0,0,0,0,0,0.001887755,0,0,0.679234694,0.114030612,0,0,0,0.127295918,0,0,0,0,0,0,0.031581633,0,0,0,0,0.045969388,0,0,0,0.6766997,0,907.6537064,568.4938555,70.09469579,552.0194516,356.6785878,2024.441827,89542207.72,2035853.529,8649.822504,10.670989,>1,0.61,3.74,1.35,4.51,0,3,7.4,0.042,1243.5,217,8.25,3.6,17.462353,63.341813,7.695410802,8.936,0.2039,6.739899465,63.007,17.472,3.005789317,276.9314951,10398795.82,982865.0564,-0.000962434,0.979765919,4.876105677,278.1857776,2.219294096,2.156870692,0.018784429,5.21E-06,0.000449814,1.41E-05,0.00198214,2.999908443,1.000030519,1018.833333,17.5,6.88,NA,NA,54.28708509,41.99037414,0,0.139138983,NA,114.7874222
Sweden_26,SWE_26,49.64326749,19-Jul,0,0,0,0,0,0,0,0,0,0,0,0.009992185,0,0,0,0,0.003126047,0,0.000948978,0.010494585,0,0.00418667,0.729373674,0.050798258,0,0,0,0.142793346,0,0,0,0,0,0,0.024003573,0,0,0,0,0.024282684,0,0,0,0.636467305,6.284688995,880.0961706,573.3479476,68.8293837,505.4955045,362.0456135,2075.879033,34091714.33,3385475.922,20340.73613,26.9061716,1,0.16,2.38,1.69,0.63,0,3,4,0.044,164.9,228,3.5,3.6,18.340264,63.582283,7.865281453,6.491,0.2143,6.80464468,63.3279,18.34125,3.224150989,276.6403828,10315436.36,989233.3529,-0.000986056,0.990874826,3.749510425,278.1148681,2.104252819,2.961366921,0.008545313,1.05E-05,0.000910581,1.93E-05,0.002074165,2.999908443,1.000030519,96780,19.1,7.14,4.5,1.323333333,30.05781113,24.7394744,0,13.21695151,4.516666667,138.5190851
Sweden_28,SWE_28,12.53522252,21-Jul,0,0.004241185,0.001354113,0,0,0,0.002018396,0,0,0.000664282,0,0.048109351,0,0,0,0,0.000664282,0,0,0.007996934,0,0,0.7481349,0.012851303,0,0,0,0.052861523,0,0,0,0,0,0.001021972,0.107000511,0,0,0,0,0.013081247,0,0,0,0.570236715,25.10235507,857.2100644,575.5513329,75.72981994,594.4359307,265.726264,2200.382836,11477354.76,2369183.275,11123.16349,6.517719462,>1,2.23,10.3,1.95,15.33,0,3,6.9,0.079,2245.8,121,3.62,5.3,20.225954,64.067477,7.957017197,8.305666667,0.2195,7.122104316,64.05525,20.243167,3.684059833,276.6534665,10150515.59,1032805.107,-0.000905063,0.986174904,3.645968443,278.2184978,1.989406101,2.013978411,0.012299147,1.11E-05,0.000955907,2.01E-05,0.001902068,2.999908443,1.000030519,8703.5,19.4,7.19,2.5,1.85,39.38238445,32.57277947,0,1.188610637,3.716666667,12.2430464
Sweden_29,SWE_29,26.30762182,22-Jul,0.001204569,0.046417445,0.006915888,0.001661475,0,0.004153686,0.002305296,0,0,0.008888889,0.00357217,0.09271028,0,0,0,0,0.001246106,0,0.001661475,0.012066459,0,0.002803738,0.539646937,0.094974039,0,0,0,0.04105919,0,0,0,0,0,0.002056075,0.008598131,0,0,0,0.013686397,0.017383178,0.000560748,0.019044652,0.077383178,0.592472402,17.71786389,869.8141533,584.6587121,87.13199024,561.8207148,315.3932042,2161.742572,1470748.193,203523.7624,3511.127074,42.68824768,1,0.24,3.7,2.13,1.67,0,3,6.9,0.023,838.9,107,9.67,1.4,19.955385,63.836225,7.972458913,8.2555,0.2359,6.971771332,63.8444,19.9467,4.322403132,277.1753494,10167648.9,1051555.719,-0.000962529,0.423504189,10.64460526,278.7124879,1.202127173,0.135486795,0.001571727,5.64E-06,0.000486901,1.08E-05,0.002033692,2.999908443,0,22692,21.1,6.55,2.5,2.183333333,45.37728506,34.11491014,0,3.098977719,16.97,12.35239936
Sweden_30,SWE_30,28.84472738,24-Jul,0,0.049740387,0.013469787,0,0,0,0,0.002558507,0,0,0.009782527,0.3273384,0,0,0,0,0.005117014,0,0.015953044,0.04725713,0,0.0181353,0.317405373,0.151252916,0,0,0,0.004138761,0,0,0,0,0,0.002332756,0.002633757,0,0,0,0,0.030551584,0,0,0.002332756,0.46894321,10.11941964,994.790389,609.9276744,105.14351,528.7155068,271.6009211,1340.424945,128102909.2,23132024.25,46051.77113,21.54750986,>1,2.17,18.72,3.59,18.38,0,3,8.5,2.468,86.2,9,4.68,370.4,18.680569,59.757276,7.802742156,10.10033333,0.4818,6.191516538,59.840176,18.625799,3.64535171,280.6008594,10695354.65,1105727.535,-0.001424174,0.832527124,4.830772283,280.3318076,3.01071979,2.925808371,0.026520989,2.48E-06,0.000214418,1.35E-05,0.002052527,2.999908443,1.000030519,31969.5,22.8,8.75,5,1.01,21.66712961,22.70876908,0.638695389,4.365977797,5.71,15.36303514
Sweden_32,SWE_32,128.4356971,11-Aug,0,0,0,0,0,0,0,0,0,0,0.000493166,0.011307595,0,0,0,0,0.001902212,0,0.003980555,0.018211921,0,0.002324926,0.692264337,0.070910244,0,0,0,0.030294491,0,0,0,0,0,0,0,0,0,0,0,0.168310554,0,0,0,0.693235993,30.04537037,692.0732604,559.1052135,86.16521092,515.2903634,371.4203208,1343.187095,9652902.089,1264681.011,8178.469501,3.172775322,>1,1.17,7.88,2.05,6.19,0,3,5.3,0.08,896.2,127,3.33,7.6,12.340625,59.303416,7.900169241,5.250333333,0.2081,6.522621003,59.32255,12.34426667,3.263358866,280.5750328,11190897.3,1062605.692,-0.001405439,0.958158485,7.992093042,280.1391828,2.713915127,2.419391975,0.011978698,1.04E-05,0.000901994,5.54E-05,0.002765791,2.999908443,1.000030519,6938.333333,20.1,6.9,3,1.016666667,15.87965778,15.16663841,0.502178644,0.947547171,3.63,193.7151427
Sweden_33,SWE_33,37.48251254,16-Aug,0,0,0,0,0,0,0,0,0,0,0.000548458,0,0,0,0,0,0,0,0,0.000467802,0,0.041102078,0.160657827,0.0687992,0,0.303119757,0,0,0,0.02998774,0.236627307,0,0,0,0.035520712,0,0,0,0,0.123169119,0,0,0,0.642104418,48.00199586,886.765519,578.7551064,74.43509106,551.3294734,373.8421988,2030.192489,105161967.8,2575677.289,10135.90732,0.912756273,>1,1.21,14.98,3.84,5.01,0,3,4.1,0.478,121.3,757,2.47,32.1,12.189551,62.337353,7.983675088,2.904,0.1087,6.8891663,62.59101667,12.18246667,3.016142781,275.0358806,11103421.32,1019960.565,-0.000975128,0.431512876,11.10136199,276.6892733,4.160066938,1.083311249,0.464880289,4.94E-06,0.000425767,2.64E-05,0.002044645,2.999908443,17,1755,13.1,6.02,5.5,0.923333333,14.7594586,11.66661015,0,0.239675035,1,71.4165207
Sweden_34,SWE_34,19.56329646,17-Aug,0,0.003595318,0,0,0,0,0,0,0,0,0,0.002173913,0,0,0,0,0,0,0.003177258,0,0,0,0.488168896,0.109949833,0,0,0,0.206229097,0,0,0,0,0,0,0.121697324,0,0,0,0,0.065008361,0,0,0,0.702932331,0,849.3745759,561.6108066,63.73655034,524.5694613,374.3207628,1997.607646,11743388266,463678519.7,449405.9574,5.674239381,>1,0.35,3.01,1.43,1.73,0,3,4.9,0.054,371.4,373,4.23,6.5,14.357734,62.588097,7.771209176,3.854,0.1899,6.559671732,62.90486667,14.36155,2.907247157,276.1982628,10806975.58,994193.2344,-0.001025684,0.979949033,3.729927416,277.5951921,2.101445073,2.738308242,0.017487373,9.77E-06,0.000844019,2.02E-05,0.002259963,2.999908443,1.000030519,2490.5,15.4,6.39,4,0.903333333,17.06195942,13.76055386,0.430280928,0.340120043,1.46,124.4000748
Sweden_35,SWE_35,21.86149351,18-Aug,0,0,0,0,0,0,0,0,0,0,0,0,0,0,0,0,0.002836694,0,0,0.001352885,0,0.020904251,0.50362224,0.076328882,0,0,0,0.197477525,0,0,0,0,0,0,0.137819674,0,0,0,0.013397923,0.046259928,0,0,0,0.577422222,0,894.2615172,566.6201077,63.64582671,473.8757558,424.7726562,2217.469603,5614690.113,368736.4556,3009.298744,0.88592971,1,0.12,1.64,1.36,0.45,0,3,3.9,0.014,373.1,241,3.65,1,16.420401,64.056487,7.914358708,6.234,0.2048,6.768720855,64.26368333,16.42106667,2.990751302,276.0602025,10369991.52,929380.0599,-0.000938473,0.999084431,5.826708172,277.6205008,1.93924435,0,0.000915569,8.54E-06,0.000737787,1.74E-05,0.002104322,2.999908443,0,5319.5,15.8,6.47,3,1.513333333,26.47972857,22.78157681,0,0.726468005,3.703333333,101.2248658
Sweden_38,SWE_38,21.41497396,21-Aug,0,0,0,0,0,0,0,0,0,0,0,0,0,0,0,0,0,0,0.004201681,0.006827731,0,0.006588999,0.550181436,0.003867456,0,0,0,0.230758212,0,0,0,0,0,0,0.113779603,0,0,0,0.016806723,0.066988159,0,0,0,0.62402521,22.44341564,887.3511199,576.1820227,58.84248112,529.0939799,403.0468459,2134.228607,6004766335,10628501.02,31514.48535,0.296665084,>1,0.38,3.7,1.69,1.38,0,3,3.6,0.132,120.8,359,2.14,10.1,17.481618,65.321205,7.978088197,1.752,0.09124,6.738731271,65.58346667,17.48978333,2.924859656,274.5136684,10152992.29,936109.1541,-0.000897176,0.99911495,8.986566564,277.0320275,1.932072391,0.633967353,0.00061038,1.01E-05,0.000870166,1.66E-05,0.002058066,2.999908443,0,28,14.9,6.33,2,0.473333333,9.801533327,6.936874642,0.116268574,0.003823875,1.443333333,77.97697741
Sweden_39,SWE_39,11586.39046,22-Aug,0.161851176,0.070884503,0.243684342,0.102024399,0.009387491,0.00154783,0.00730628,0.007586404,0.148446097,0,0,0.042463494,0.060306325,0,0,0.053429827,0,0.092265986,0,0,0,0.000113349,0.005223926,0.000159003,0.002443942,0.045528466,0,0,0,0,0,0,0,5.51E-05,0.046811674,0.175901714,0,0,0,0,0,0,0,0.530834107,48.94007157,931.0823339,587.2910951,76.51048021,498.3244555,410.388052,1924.420713,5904931803,448049696.5,741147.1893,0.27574175,>1,199.93,311.38,6.21,778,778,2,3.9,93.525,96.3,404,2.4,6373.9,18.163188,65.59066,7.849708,2.003,0.0923,6.440605,65.78483333,18.1846,3.365777895,273.1385171,9069556.792,724360.0358,-0.000764717,0.209131277,16.56194843,276.054382,4.840530725,1.71185291,0.344360856,3.60E-06,0.000311394,8.03E-06,0.001509093,5.000137335,2.000061038,2576.5,14.9,6.27,4,0.3,7.613181181,5.927192269,0,0.351864802,1.576666667,56.12655108
Sweden_40,SWE_40,15.9694752,23-Aug,0.000495677,0.013872416,0.004202622,0.000161954,0,0.000889929,0.000340267,0.000341903,8.18E-05,0.001243283,0.001285816,0.043398742,0,0,0,0,0.001971257,0,0.001138585,0.003224355,0,0.016623997,0.504187081,0.093103871,0.000693621,0,0,0.075495064,0.000444964,0,0.000271559,5.89E-05,0,0.001964714,0.021415543,0.000287918,0,0,0.00613789,0.028636397,0.002444032,0.011415297,0.164170559,0.659538373,18.88477292,941.2830126,630.5355308,87.77266669,653.1004859,258.3275802,2148.978556,10960693.51,925950.1699,5546.331504,11.42801666,>1,7.57,24.63,2.52,70.33,0,3,9.3,0.252,3230.3,63,3.36,26.1,21.464583,65.708113,7.821029279,7.97,0.2054,6.958083708,65.52828333,21.41146667,3.647346682,275.8671044,9951943.427,989708.3308,-0.001015831,0.841230118,6.152400741,278.1391634,1.804052411,0.314052211,0.004852517,7.60E-06,0.000656763,1.54E-05,0.001858318,2.999908443,2.400004069,5116.5,16.8,6.08,2.5,1.293333333,45.69903104,35.49034588,0,0.69874491,8.86,19.41734181
Sweden_41,SWE_41,12.54513135,24-Aug,7.53E-05,0.005436711,0.00112384,8.07E-05,0,0.000250545,0.000351125,8.91E-05,0,0.000696829,0.00046134,0.035949021,0,0,0,0,0.000563124,0,0.000817283,0.007940958,0,0.000948579,0.575985965,0.031162765,0,0,0,0.075604425,0.00019092,7.47E-05,0.000210795,1.99E-05,0,0.000881124,0.028029745,3.79E-05,0,0,0.00425445,0.036022498,0.000169238,0.002872838,0.189698256,0.685533873,19.65471861,841.4024946,571.7529619,71.4817866,542.4421548,332.2972442,2191.821757,15115217.95,448035.4619,3951.791074,4.887727102,1,0.4,3.45,1.54,1.9,0,3,4.7,0.021,1047.2,176,3.72,1.5,20.42564,64.246827,7.934134063,6.578,0.1695,6.754027014,64.24178333,20.43035,4.085126272,276.4204799,10140903.98,1020485.04,-0.000978877,0.664658722,11.94054268,278.2359905,1.475366304,0.127665135,0.00137549,7.22E-06,0.000624159,1.37E-05,0.001942446,2.879912105,0.040001221,372.5,16.9,6.11,2.5,NA,46.22803727,34.09388719,1.246716035,0.050871197,NA,63.01835873
Sweden_43,SWE_43,6.820287203,28-Aug,0,0,0,0,0,0,0,0,0,0,0,0,0,0,0,0,0,0,0,0,0,0.070135747,0.53011046,0.007020229,0,0.037097418,0,0.140837104,0,0,0,0,0,0.001197764,0.061418685,0,0,0,0,0.152182592,0,0,0,0.550989167,52.48570194,925.2695162,586.829341,69.82223864,531.4663835,399.731049,2056.234254,168679502.8,18882688.95,49475.13009,0.245900203,>1,0.1,1.55,1.35,0.19,0,3,1.8,0.533,4.1,495,0.77,43.8,18.12861,66.195588,7.849058389,3.143,0.1065,6.712991671,66.31348333,18.13145,2.84551507,273.6291785,10053596.51,922891.4975,-0.000951071,0.744357804,11.01885479,276.5746614,3.354002309,1.284419109,0.093845849,7.07E-06,0.000610474,1.36E-05,0.002084811,2.999908443,17,84,15.6,6.18,1.5,0.62,10.7453971,9.208797333,0,0.011471626,0.965,65.41439386
Sweden_44,SWE_44,21.61892777,29-Aug,0,0,0,0,0,0,0,0,0,0,0,0,0,0,0,0,0,0,0,0,0,0.15610084,0.381613445,0.034521008,0.000941176,0.173781513,0,0.009008403,0,6.72E-05,0.008268908,0,0,0,0.081042017,0,0,0,0,0.154655462,0,0,0,0.568377425,46.5093526,895.1111734,562.0293267,76.76789494,546.6680052,394.0951205,2068.409763,51807782.39,2212247.189,9021.963223,0.696000719,>1,0.19,2.75,1.77,0.95,0,3,5,236.654,0.1,392,5.24,8242.7,19.34375,67.181009,7.979369179,3.774,0.1193,6.847379107,67.20753333,19.33905,2.547167715,272.2640558,9865593.838,920862.1917,-0.000832833,0.43330841,6.028038037,276.339604,4.074409076,1.070216284,0.516106389,8.04E-06,0.00069448,4.29E-05,0.002303886,2.999908443,17,54.16666667,16.1,6.13,NA,NA,16.88562402,14.16669492,0,0.007397378,NA,68.57323725
Sweden_45,SWE_45,292.9926545,31-Aug,0,0,0.00060947,0,0,0,0,0,0,0,0,0.008837318,0,0,0,0,0.004899203,0,0,0,0,0.000421941,0.545991561,0.117721519,0,0,0,0.173089545,0,0,0,0,0,0,0.07962963,0,0,0,0,0.068799812,0,0,0,0.58226702,17.87689655,1070.864259,663.6197485,76.03206361,645.039368,283.4942556,2252.676218,1625569.124,963619.2351,5177.91651,1.710244775,>1,0.42,3.38,1.48,1.67,0,3,4,0.012,1606.4,90,2.59,0.9,23.363914,66.16521,7.609970983,3.272666667,0.1193,6.132409543,66.55463333,23.34941667,3.011074581,274.7678465,9802760.414,938313.0628,-0.000842411,0.990798529,5.744942751,277.5376725,2.132192941,1.450997653,0.009201471,1.08E-05,0.00093408,1.96E-05,0.001836799,2.999908443,17,2837.666667,16.6,6.53,6.5,0.503333333,10.6833789,9.406141064,0.03839423,0.387531543,2.153333333,88.11089101
Sweden_48,SWE_48,17.33936885,05-Sep,0,0,0,0,0,0,0,0,0,0,0,0.002315529,0,0,0,0,0,0,0,0.032803334,0,0.361376968,0.029484409,0.012581044,0,0.07278481,0,0,0,0.021920346,0.465344242,0,0.001389318,0,0,0,0,0,0,0,0,0,0,0.488143519,53.21214049,772.1925767,590.2431977,91.5150425,502.466294,413.6425088,1888.479001,88188122.57,1800366.156,11015.00985,2.743031525,>1,0.1,1.22,1.09,0.42,0,3,4.2,0.006,818.7,858,4.58,0.2,18.60625,68.707393,7.971838905,0.7819,0.04203,6.442755211,68.43915,18.58283333,1.776412649,272.2677696,9500094.665,921455.5517,-0.000579706,0.047426487,7.39716377,276.1610857,4.981574169,0.864106643,0.942883738,1.92E-05,0.001662997,0.000429398,0.003820624,5.000137335,9.000015259,408.1666667,11.6,6.36,7,0.116666667,3.070113457,2,0,0.055742086,0.59,44.99724698
